id,date,value
W10,1999-01-01,246.98
W10,1999-01-08,222.3
W10,1999-01-15,449.98
W10,1999-01-22,449.98
W10,1999-01-29,449.98
W10,1999-02-05,449.93
W10,1999-02-12,449.93
W10,1999-02-19,449.93
W10,1999-02-26,450.01
W10,1999-03-05,450.01
W10,1999-03-12,450.01
W10,1999-03-19,450.01
W10,1999-03-26,450.05
W10,1999-04-02,449.94
W10,1999-04-09,449.94
W10,1999-04-16,449.94
W10,1999-04-23,449.94
W10,1999-04-30,449.99
W10,1999-05-07,449.84
W10,1999-05-14,449.81
W10,1999-05-21,449.81
W10,1999-05-28,449.97
W10,1999-06-04,449.97
W10,1999-06-11,449.97
W10,1999-06-18,449.97
W10,1999-06-25,449.97
W10,1999-07-02,449.91
W10,1999-07-09,449.91
W10,1999-07-16,450.01
W10,1999-07-23,450.01
W10,1999-07-30,450.01
W10,1999-08-06,450.01
W10,1999-08-13,450.01
W10,1999-08-20,450.01
W10,1999-08-27,449.96
W10,1999-09-03,449.96
W10,1999-09-10,449.96
W10,1999-09-17,449.94
W10,1999-09-24,449.94
W10,1999-10-01,449.94
W10,1999-10-08,449.94
W10,1999-10-15,449.94
W10,1999-10-22,449.94
W10,1999-10-29,549.95
W10,1999-11-05,549.95
W10,1999-11-12,549.95
W10,1999-11-19,549.95
W10,1999-11-26,649.99
W10,1999-12-03,649.99
W10,1999-12-10,649.99
W10,1999-12-17,649.99
W10,1999-12-24,749.96
W10,1999-12-31,749.96
W10,2000-01-07,749.96
W10,2000-01-14,749.96
W10,2000-01-21,749.98
W10,2000-01-28,699.96
W10,2000-02-04,699.96
W10,2000-02-11,699.96
W10,2000-02-18,699.96
W10,2000-02-25,699.96
W10,2000-03-03,649.98
W10,2000-03-10,649.98
W10,2000-03-17,649.96
W10,2000-03-24,649.96
W10,2000-03-31,600
W10,2000-04-07,600
W10,2000-04-14,600
W10,2000-04-21,600
W10,2000-04-28,599.99
W10,2000-05-05,599.99
W10,2000-05-12,599.99
W10,2000-05-19,599.99
W10,2000-05-26,599.95
W10,2000-06-02,599.05
W10,2000-06-09,599.05
W10,2000-06-16,599.05
W10,2000-06-23,599.05
W10,2000-06-30,599.07
W10,2000-07-07,599.07
W10,2000-07-14,599.07
W10,2000-07-21,599.07
W10,2000-07-28,549.11
W10,2000-08-04,549.11
W10,2000-08-11,549.11
W10,2000-08-18,549.11
W10,2000-08-25,549.11
W10,2000-09-01,499.99
W10,2000-09-08,499.99
W10,2000-09-15,499.99
W10,2000-09-22,499.99
W10,2000-09-29,449.98
W10,2000-10-06,449.98
W10,2000-10-13,449.98
W10,2000-10-20,449.98
W10,2000-10-27,450.01
W10,2000-11-03,450.01
W10,2000-11-10,450.01
W10,2000-11-17,450.01
W10,2000-11-24,450.01
W10,2000-12-01,450
W10,2000-12-08,450
W10,2000-12-15,450
W10,2000-12-22,450
W10,2000-12-29,450
W10,2001-01-05,450
W10,2001-01-12,450
W10,2001-01-19,450
W10,2001-01-26,499.99
W10,2001-02-02,499.98
W10,2001-02-09,499.98
W10,2001-02-16,499.98
W10,2001-02-23,499.98
W10,2001-03-02,549.99
W10,2001-03-09,549.99
W10,2001-03-16,549.99
W10,2001-03-23,549.99
W10,2001-03-30,591.02
W10,2001-04-06,591.02
W10,2001-04-13,591.02
W10,2001-04-20,591.02
W10,2001-04-27,591
W10,2001-05-04,591
W10,2001-05-11,591
W10,2001-05-18,591
W10,2001-05-25,591
W10,2001-06-01,591
W10,2001-06-08,591
W10,2001-06-15,591
W10,2001-06-22,591
W10,2001-06-29,599.99
W10,2001-07-06,599.99
W10,2001-07-13,599.99
W10,2001-07-20,599.99
W10,2001-07-27,600.01
W10,2001-08-03,600.01
W10,2001-08-10,600.01
W10,2001-08-17,600.01
W10,2001-08-24,600.01
W10,2001-08-31,600.01
W10,2001-09-07,600.01
W10,2001-09-14,600.01
W10,2001-09-21,600.01
W10,2001-09-28,600.02
W10,2001-10-05,600.02
W10,2001-10-12,600.04
W10,2001-10-19,600.04
W10,2001-10-26,600.01
W10,2001-11-02,600.01
W10,2001-11-09,600.01
W10,2001-11-16,600.01
W10,2001-11-23,600.01
W10,2001-11-30,600.01
W10,2001-12-07,600.01
W10,2001-12-14,600.01
W10,2001-12-21,600
W10,2001-12-28,600
W10,2002-01-04,600
W10,2002-01-11,600
W10,2002-01-18,600
W10,2002-01-25,600
W10,2002-02-01,600
W10,2002-02-08,600
W10,2002-02-15,600
W10,2002-02-22,600
W10,2002-03-01,600.01
W10,2002-03-08,600.01
W10,2002-03-15,600.01
W10,2002-03-22,600.01
W10,2002-03-29,600
W10,2002-04-05,600
W10,2002-04-12,600
W10,2002-04-19,600
W10,2002-04-26,599.99
W10,2002-05-03,599.99
W10,2002-05-10,599.99
W10,2002-05-17,599.99
W10,2002-05-24,599.99
W10,2002-05-31,600
W10,2002-06-07,600
W10,2002-06-14,600
W10,2002-06-21,600
W10,2002-06-28,599.99
W10,2002-07-05,599.99
W10,2002-07-12,599.99
W10,2002-07-19,599.99
W10,2002-07-26,549.99
W10,2002-08-02,549.99
W10,2002-08-09,549.99
W10,2002-08-16,549.99
W10,2002-08-23,549.99
W10,2002-08-30,500
W10,2002-09-06,500
W10,2002-09-13,500
W10,2002-09-20,500
W10,2002-09-27,449.98
W10,2002-10-04,449.98
W10,2002-10-11,449.98
W10,2002-10-18,449.98
W10,2002-10-25,449.98
W10,2002-11-01,449.99
W10,2002-11-08,449.99
W10,2002-11-15,449.99
W10,2002-11-22,449.99
W10,2002-11-29,450
W10,2002-12-06,450
W10,2002-12-13,450
W10,2002-12-20,450
W10,2002-12-27,450
W10,2003-01-03,450
W10,2003-01-10,450
W10,2003-01-17,450
W10,2003-01-24,450
W10,2003-01-31,450
W10,2003-02-07,450
W10,2003-02-14,450
W10,2003-02-21,450
W10,2003-02-28,450
W10,2003-03-07,450
W10,2003-03-14,450
W10,2003-03-21,450
W10,2003-03-28,450
W10,2003-04-04,450
W10,2003-04-11,449.73
W10,2003-04-18,449.73
W10,2003-04-25,449.73
W10,2003-05-02,449.79
W10,2003-05-09,449.79
W10,2003-05-16,449.79
W10,2003-05-23,449.79
W10,2003-05-30,449.88
W10,2003-06-06,449.88
W10,2003-06-13,449.88
W10,2003-06-20,449.88
W10,2003-06-27,450
W10,2003-07-04,450
W10,2003-07-11,450
W10,2003-07-18,450
W10,2003-07-25,450
W10,2003-08-01,449.95
W10,2003-08-08,449.95
W10,2003-08-15,449.95
W10,2003-08-22,449.95
W10,2003-08-29,449.94
W10,2003-09-05,449.94
W10,2003-09-12,449.94
W10,2003-09-19,449.94
W10,2003-09-26,450
W10,2003-10-03,450
W10,2003-10-10,450
W10,2003-10-17,450
W10,2003-10-24,450
W10,2003-10-31,449.99
W10,2003-11-07,449.99
W10,2003-11-14,449.99
W10,2003-11-21,449.99
W10,2003-11-28,450
W10,2003-12-05,450
W10,2003-12-12,450
W10,2003-12-19,450
W10,2003-12-26,450
W10,2004-01-02,450
W10,2004-01-09,450
W10,2004-01-16,450
W10,2004-01-23,450
W10,2004-01-30,550
W10,2004-02-06,550
W10,2004-02-13,550
W10,2004-02-20,550
W10,2004-02-27,649.99
W10,2004-03-05,649.99
W10,2004-03-12,649.99
W10,2004-03-19,649.99
W10,2004-03-26,649.99
W10,2004-04-02,750
W10,2004-04-09,750
W10,2004-04-16,750
W10,2004-04-23,750
W10,2004-04-30,750.01
W10,2004-05-07,750.01
W10,2004-05-14,750.01
W10,2004-05-21,750.01
W10,2004-05-28,750
W10,2004-06-04,750
W10,2004-06-11,750
W10,2004-06-18,750
W10,2004-06-25,750
W10,2004-07-02,750
W10,2004-07-09,750.01
W10,2004-07-16,750.01
W10,2004-07-23,750.01
W10,2004-07-30,750
W10,2004-08-06,750
W10,2004-08-13,749.97
W10,2004-08-20,749.97
W10,2004-08-27,749.99
W10,2004-09-03,749.99
W10,2004-09-10,749.99
W10,2004-09-17,749.99
W10,2004-09-24,749.99
W10,2004-10-01,750.01
W10,2004-10-08,750.01
W10,2004-10-15,750.01
W10,2004-10-22,750.01
W10,2004-10-29,750
W10,2004-11-05,750
W10,2004-11-12,750
W10,2004-11-19,750
W10,2004-11-26,750
W10,2004-12-03,750
W10,2004-12-10,750
W10,2004-12-17,750
W10,2004-12-24,750
W10,2004-12-31,750
W10,2005-01-07,750
W10,2005-01-14,750
W10,2005-01-21,750
W10,2005-01-28,799.99
W10,2005-02-04,799.99
W10,2005-02-11,799.99
W10,2005-02-18,799.99
W10,2005-02-25,849.99
W10,2005-03-04,849.99
W10,2005-03-11,849.99
W10,2005-03-18,849.99
W10,2005-03-25,849.99
W10,2005-04-01,900.02
W10,2005-04-08,900.02
W10,2005-04-15,900.02
W10,2005-04-22,900.02
W10,2005-04-29,900
W10,2005-05-06,900
W10,2005-05-13,900
W10,2005-05-20,900
W10,2005-05-27,900.02
W10,2005-06-03,900.02
W10,2005-06-10,900.02
W10,2005-06-17,900.02
W10,2005-06-24,900.02
W10,2005-07-01,900
W10,2005-07-08,900
W10,2005-07-15,900
W10,2005-07-22,900
W10,2005-07-29,899.98
W10,2005-08-05,899.98
W10,2005-08-12,899.98
W10,2005-08-19,899.98
W10,2005-08-26,899.98
W10,2005-09-02,899.99
W10,2005-09-09,899.99
W10,2005-09-16,899.99
W10,2005-09-23,899.99
W10,2005-09-30,899.99
W10,2005-10-07,899.99
W10,2005-10-14,899.99
W10,2005-10-21,899.99
W10,2005-10-28,900.02
W10,2005-11-04,900.02
W10,2005-11-11,900.02
W10,2005-11-18,900.02
W10,2005-11-25,900.02
W10,2005-12-02,900
W10,2005-12-09,900
W10,2005-12-16,900
W10,2005-12-23,900.17
W10,2005-12-30,900.17
W10,2006-01-06,900.17
W10,2006-01-13,900.17
W10,2006-01-20,900.17
W10,2006-01-27,1000.17
W10,2006-02-03,1000.17
W10,2006-02-10,1000.17
W10,2006-02-17,1000.17
W10,2006-02-24,1100.18
W10,2006-03-03,1100.18
W10,2006-03-10,1100.18
W10,2006-03-17,1100.18
W10,2006-03-24,1100.18
W10,2006-03-31,1200
W10,2006-04-07,1200
W10,2006-04-14,1200
W10,2006-04-21,1200
W10,2006-04-28,1200.02
W10,2006-05-05,1200.02
W10,2006-05-12,1200.02
W10,2006-05-19,1200.02
W10,2006-05-26,1200.03
W10,2006-06-02,1200.01
W10,2006-06-09,1200.01
W10,2006-06-16,1200.01
W10,2006-06-23,1200.01
W10,2006-06-30,1200
W10,2006-07-07,1200
W10,2006-07-14,1200
W10,2006-07-21,1200
W10,2006-07-28,1200.02
W10,2006-08-04,1200.02
W10,2006-08-11,1200.02
W10,2006-08-18,1200.02
W10,2006-08-25,1200.02
W10,2006-09-01,1200.02
W10,2006-09-08,1200.02
W10,2006-09-15,1200.02
W10,2006-09-22,1200.02
W10,2006-09-29,1200.01
W10,2006-10-06,1200.01
W10,2006-10-13,1200.01
W10,2006-10-20,1200.01
W10,2006-10-27,1200.02
W10,2006-11-03,1200.02
W10,2006-11-10,1200.02
W10,2006-11-17,1200.02
W10,2006-11-24,1200.02
W10,2006-12-01,1199.99
W10,2006-12-08,1199.99
W10,2006-12-15,1199.99
W10,2006-12-22,1200
W10,2006-12-29,1200
W10,2007-01-05,1200
W10,2007-01-12,1200
W10,2007-01-19,1200
W10,2007-01-26,1200
W10,2007-02-02,1300.01
W10,2007-02-09,1300.01
W10,2007-02-16,1300.01
W10,2007-02-23,1300.01
W10,2007-03-02,1400
W10,2007-03-09,1400
W10,2007-03-16,1400
W10,2007-03-23,1400
W10,2007-03-30,1500.01
W10,2007-04-06,1500.01
W10,2007-04-13,1500.01
W10,2007-04-20,1500.01
W10,2007-04-27,1499.99
W10,2007-05-04,1499.99
W10,2007-05-11,1499.99
W10,2007-05-18,1499.99
W10,2007-05-25,1500
W10,2007-06-01,1500.02
W10,2007-06-08,1500.02
W10,2007-06-15,1500.03
W10,2007-06-22,1500.03
W10,2007-06-29,1500.02
W10,2007-07-06,1500.02
W10,2007-07-13,1500.02
W10,2007-07-20,1500.02
W10,2007-07-27,1500.03
W10,2007-08-03,1500.03
W10,2007-08-10,1500.03
W10,2007-08-17,1500.03
W10,2007-08-24,1900.02
W10,2007-08-31,1900.01
W10,2007-09-07,1900.01
W10,2007-09-14,2649.99
W10,2007-09-21,2649.99
W10,2007-09-28,2650
W10,2007-10-05,2650
W10,2007-10-12,2650.04
W10,2007-10-19,2650.04
W10,2007-10-26,2650.04
W10,2007-11-02,2650.05
W10,2007-11-09,2650.05
W10,2007-11-16,2650.05
W10,2007-11-23,2850.06
W10,2007-11-30,2850.04
W10,2007-12-07,2850.04
W10,2007-12-14,2700.04
W10,2007-12-21,2684.76
W10,2007-12-28,2684.76
W10,2008-01-04,2684.87
W10,2008-01-11,2684.87
W10,2008-01-18,2684.87
W10,2008-01-25,2684.87
W10,2008-02-01,2684.91
W10,2008-02-08,2684.91
W10,2008-02-15,2685.11
W10,2008-02-22,2684.85
W10,2008-02-29,2684.79
W10,2008-03-07,2684.79
W10,2008-03-14,2673.66
W10,2008-03-21,2673.66
W10,2008-03-28,2683.77
W10,2008-04-04,2931.1
W10,2008-04-11,2931.1
W10,2008-04-18,2950.01
W10,2008-04-25,2950.01
W10,2008-05-02,2950.07
W10,2008-05-09,2950.24
W10,2008-05-16,2950.26
W10,2008-05-23,2850.28
W10,2008-05-30,2850.27
W10,2008-06-06,2850.27
W10,2008-06-13,2750.26
W10,2008-06-20,2750.43
W10,2008-06-27,2750.04
W10,2008-07-04,2749.95
W10,2008-07-11,2999.97
W10,2008-07-18,3000.16
W10,2008-07-25,3000.16
W10,2008-08-01,3000.18
W10,2008-08-08,3000.21
W10,2008-08-15,3000.07
W10,2008-08-22,3000.12
W10,2008-08-29,3000
W10,2008-09-05,3000
W10,2008-09-12,2999.98
W10,2008-09-19,2990.05
W10,2008-09-26,3005.16
W10,2008-10-03,4205.19
W10,2008-10-10,4471.79
W10,2008-10-17,4471.82
W10,2008-10-24,4471.87
W10,2008-10-31,5017.89
W10,2008-11-07,4021.68
W10,2008-11-14,4628.35
W10,2008-11-21,4628.36
W10,2008-11-28,4553.19
W10,2008-12-05,4553.21
W10,2008-12-12,6161.31
W10,2008-12-19,6168.99
W10,2008-12-26,6169.01
W10,2009-01-02,6169.24
W10,2009-01-09,6101.61
W10,2009-01-16,6101.88
W10,2009-01-23,5885.31
W10,2009-01-30,5286.17
W10,2009-02-06,5286.22
W10,2009-02-13,4823.35
W10,2009-02-20,4823.39
W10,2009-02-27,4617.95
W10,2009-03-06,4521.98
W10,2009-03-13,4527.65
W10,2009-03-20,4527.66
W10,2009-03-27,4307.45
W10,2009-04-03,4307.46
W10,2009-04-10,4284.67
W10,2009-04-17,4321.62
W10,2009-04-24,4321.63
W10,2009-05-01,4190.93
W10,2009-05-08,4190.97
W10,2009-05-15,3976.47
W10,2009-05-22,3976.48
W10,2009-05-29,4035.49
W10,2009-06-05,4035.55
W10,2009-06-12,3087.01
W10,2009-06-19,3087.03
W10,2009-06-26,7285.98
W10,2009-07-03,7285.98
W10,2009-07-10,7014.53
W10,2009-07-17,7014.56
W10,2009-07-24,7014.56
W10,2009-07-31,6807.8
W10,2009-08-07,6807.32
W10,2009-08-14,6536.46
W10,2009-08-21,6536.45
W10,2009-08-28,6344.24
W10,2009-09-04,6344.29
W10,2009-09-11,5958.62
W10,2009-09-18,5958.62
W10,2009-09-25,5958.63
W10,2009-10-02,6674.4
W10,2009-10-09,6318.5
W10,2009-10-16,6289.67
W10,2009-10-23,6289.64
W10,2009-10-30,6227.49
W10,2009-11-06,6227.48
W10,2009-11-13,5954
W10,2009-11-20,5954.01
W10,2009-11-27,5891.47
W10,2009-12-04,5891.46
W10,2009-12-11,5725.65
W10,2009-12-18,6692.88
W10,2009-12-25,6692.96
W10,2010-01-01,6692.97
W10,2010-01-08,6693.03
W10,2010-01-15,6591.03
W10,2010-01-22,6621.88
W10,2010-01-29,6621.59
W10,2010-02-05,6621.59
W10,2010-02-12,6365.07
W10,2010-02-19,6365.43
W10,2010-02-26,6446.8
W10,2010-03-05,6443.78
W10,2010-03-12,6443.14
W10,2010-03-19,6443.14
W10,2010-03-26,6443.14
W10,2010-04-02,6616.51
W10,2010-04-09,6592.83
W10,2010-04-16,6656.69
W10,2010-04-23,6656.7
W10,2010-04-30,6672.45
W10,2010-05-07,6672.45
W10,2010-05-14,7068.8
W10,2010-05-21,7068.81
W10,2010-05-28,7088.37
W10,2010-06-04,7088.05
W10,2010-06-11,7070.76
W10,2010-06-18,7181.99
W10,2010-06-25,7182.36
W10,2010-07-02,4059.27
W10,2010-07-09,4059.27
W10,2010-07-16,4237.22
W10,2010-07-23,4237.22
W10,2010-07-30,4420.42
W10,2010-08-06,4420.42
W10,2010-08-13,4317.91
W10,2010-08-20,4317.91
W10,2010-08-27,4387.09
W10,2010-09-03,4387.09
W10,2010-09-10,4374.65
W10,2010-09-17,4374.65
W10,2010-09-24,4374.65
W10,2010-10-01,3167.44
W10,2010-10-08,3167.44
W10,2010-10-15,3310.77
W10,2010-10-22,3310.77
W10,2010-10-29,3503.86
W10,2010-11-05,3503.86
W10,2010-11-12,3260.98
W10,2010-11-19,3260.98
W10,2010-11-26,3452.26
W10,2010-12-03,3452.26
W10,2010-12-10,3496.74
W10,2010-12-17,3496.74
W10,2010-12-24,2982.17
W10,2010-12-31,2982.17
W10,2011-01-07,2982.17
W10,2011-01-14,2982.17
W10,2011-01-21,3005.02
W10,2011-01-28,3291.7
W10,2011-02-04,3291.7
W10,2011-02-11,3202.91
W10,2011-02-18,3202.91
W10,2011-02-25,3218.35
W10,2011-03-04,3218.35
W10,2011-03-11,3428.63
W10,2011-03-18,3428.63
W10,2011-03-25,3428.63
W10,2011-04-01,3228.55
W10,2011-04-08,3228.55
W10,2011-04-15,3240.42
W10,2011-04-22,3240.42
W10,2011-04-29,3163.1
W10,2011-05-06,3163.1
W10,2011-05-13,3132.76
W10,2011-05-20,3132.76
W10,2011-05-27,3213.13
W10,2011-06-03,3213.13
W10,2011-06-10,3213.13
W10,2011-06-17,3103.03
W10,2011-06-24,3103.03
W10,2011-07-01,3131.63
W10,2011-07-08,3131.63
W10,2011-07-15,3115.09
W10,2011-07-22,3115.09
W10,2011-07-29,3330.75
W10,2011-08-05,3330.75
W10,2011-08-12,3908.3
W10,2011-08-19,3908.3
W10,2011-08-26,3908.3
W10,2011-09-02,3920.55
W10,2011-09-09,3920.55
W10,2011-09-16,3696.36
W10,2011-09-23,3696.36
W10,2011-09-30,3789.35
W10,2011-10-07,3789.35
W10,2011-10-14,3794.74
W10,2011-10-21,3794.74
W10,2011-10-28,3959.96
W10,2011-11-04,3959.96
W10,2011-11-11,3924.81
W10,2011-11-18,3924.81
W10,2011-11-25,3924.81
W10,2011-12-02,3830.53
W10,2011-12-09,3830.05
W10,2011-12-16,3686.09
W10,2011-12-23,7038.94
W10,2011-12-30,7038.94
W10,2012-01-06,7038.94
W10,2012-01-13,7038.94
W10,2012-01-20,7014.78
W10,2012-01-27,6765.05
W10,2012-02-03,6765.05
W10,2012-02-10,6765.05
W10,2012-02-17,6520.97
W10,2012-02-24,6520.97
W10,2012-03-02,11000.76
W10,2012-03-09,11000.76
W10,2012-03-16,10955.05
W10,2012-03-23,10955.05
W10,2012-03-30,10908.91
W10,2012-04-06,10908.91
W10,2012-04-13,10906.26
W10,2012-04-20,10906.26
W10,2012-04-27,10923.84
W10,2012-05-04,10815.84
W10,2012-05-11,10831.83
W10,2012-05-18,10831.83
W10,2012-05-25,10618.18
W10,2012-06-01,10636.29
W10,2012-06-08,10636.29
W10,2012-06-15,10715.47
W10,2012-06-22,10715.47
W10,2012-06-29,10797.25
W10,2012-07-06,10782.73
W10,2012-07-13,10837.36
W10,2012-07-20,10837.36
W10,2012-07-27,10754.98
W10,2012-08-03,10754.98
W10,2012-08-10,10762.81
W10,2012-08-17,10762.81
W10,2012-08-24,10762.81
W10,2012-08-31,10777.21
W10,2012-09-07,10777.21
W10,2012-09-14,10663.86
W10,2012-09-21,10662.96
W10,2012-09-28,10587.5
W10,2012-10-05,10587.5
W10,2012-10-12,10575.34
W10,2012-10-19,10575.34
W10,2012-10-26,10575.34
W10,2012-11-02,10474.96
W10,2012-11-09,10474.96
W10,2012-11-16,10472.94
W10,2012-11-23,10472.94
W10,2012-11-30,10408.03
W10,2012-12-07,10408.03
W10,2012-12-14,10401.73
W10,2012-12-21,10357.71
W10,2012-12-28,10357.71
W10,2013-01-04,10357.69
W10,2013-01-11,10357.69
W10,2013-01-18,10309.29
W10,2013-01-25,10309.29
W10,2013-02-01,8913.27
W10,2013-02-08,8878.43
W10,2013-02-15,8801.53
W10,2013-02-22,8763.63
W10,2013-03-01,8144.84
W10,2013-03-08,8019.9
W10,2013-03-15,7934.74
W10,2013-03-22,7866.57
W10,2013-03-29,7788.72
W10,2013-04-05,7718.67
W10,2013-04-12,7642.9
W10,2013-04-19,7534.97
W10,2013-04-26,7418.2
W10,2013-05-03,7395.44
W10,2013-05-10,7389.99
W10,2013-05-17,7326.42
W10,2013-05-24,7315.18
W10,2013-05-31,7208.97
W10,2013-06-07,7178.17
W10,2013-06-14,7132.47
W10,2013-06-21,7100.59
W10,2013-06-28,7053.5
W10,2013-07-05,7032.9
W10,2013-07-12,7011.41
W10,2013-07-19,6999.26
W10,2013-07-26,6975.44
W10,2013-08-02,6957.34
W10,2013-08-09,6939.74
W10,2013-08-16,6932.58
W10,2013-08-23,6926.04
W10,2013-08-30,6932.92
W10,2013-09-06,6886.42
W10,2013-09-13,6822.57
W10,2013-09-20,6789.22
W10,2013-09-27,6701.56
W10,2013-10-04,6669.99
W10,2013-10-11,6593.42
W10,2013-10-18,6584.95
W10,2013-10-25,6532.96
W10,2013-11-01,6508.1
W10,2013-11-08,6401.59
W10,2013-11-15,6341.39
W10,2013-11-22,6305.53
W10,2013-11-29,6217.49
W10,2013-12-06,6145.14
W10,2013-12-13,6143.93
W10,2013-12-20,6040.5
W10,2013-12-27,5833.25
W10,2014-01-03,5833.25
W10,2014-01-10,5833.25
W10,2014-01-17,5777.07
W10,2014-01-24,5767.17
W10,2014-01-31,5760.44
W10,2014-02-07,5755.76
W10,2014-02-14,5731.89
W10,2014-02-21,5721.69
W10,2014-02-28,5696.94
W10,2014-03-07,5666.82
W10,2014-03-14,5563.24
W10,2014-03-21,5462.49
W10,2014-03-28,5180.43
W10,2014-04-04,5164.85
W10,2014-04-11,5321.07
W10,2014-04-18,5238.42
W10,2014-04-25,5163.06
W10,2014-05-02,5149.65
W10,2014-05-09,5132.15
W10,2014-05-16,5141.62
W10,2014-05-23,5080.07
W10,2014-05-30,5056.82
W10,2014-06-06,5038.92
W10,2014-06-13,4708.4
W10,2014-06-20,4671.26
W10,2014-06-27,4532.76
W10,2014-07-04,4487.96
W10,2014-07-11,4348.11
W10,2014-07-18,4310.74
W10,2014-07-25,4095.67
W10,2014-08-01,4001.84
W10,2014-08-08,3969.74
W10,2014-08-15,3928.24
W10,2014-08-22,3899.63
W10,2014-08-29,3848.99
W10,2014-09-05,3813.9
W10,2014-09-12,3722.79
W10,2014-09-19,3663.04
W10,2014-09-26,4295.93
W10,2014-10-03,4247.24
W10,2014-10-10,4224.36
W10,2014-10-17,4165.81
W10,2014-10-24,4107.59
W10,2014-10-31,4084.72
W10,2014-11-07,4046.22
W10,2014-11-14,3981.9
W10,2014-11-21,3962.4
W10,2014-11-28,3988
W10,2014-12-05,3929.36
W10,2014-12-12,3788.95
W10,2014-12-19,4803.56
W10,2014-12-26,4732.85
W10,2015-01-02,4732.85
W10,2015-01-09,4732.85
W10,2015-01-16,4591.3
W10,2015-01-23,4452.66
W10,2015-01-30,4156.08
W10,2015-02-06,4047.88
W10,2015-02-13,3954.02
W10,2015-02-20,3792.23
W10,2015-02-27,3229.59
W10,2015-03-06,3229.59
W10,2015-03-13,3229.59
W10,2015-03-20,3229.59
W10,2015-03-27,4175.58
W10,2015-04-03,4175.58
W10,2015-04-10,4175.58
W10,2015-04-17,4175.58
W10,2015-04-24,4175.58
W10,2015-05-01,4087.48
W10,2015-05-08,4087.48
W10,2015-05-15,4087.48
W10,2015-05-22,4087.48
W10,2015-05-29,3953.67
W10,2015-06-05,3953.67
W10,2015-06-12,3953.67
W10,2015-06-19,3953.67
W10,2015-06-26,4670.96
W10,2015-07-03,4670.96
W10,2015-07-10,4670.96
W10,2015-07-17,4670.96
W10,2015-07-24,4670.96
W10,2015-07-31,4635.25
W10,2015-08-07,4635.25
W10,2015-08-14,4635.25
W10,2015-08-21,4635.25
W10,2015-08-28,4562.27
W10,2015-09-04,4562.27
W10,2015-09-11,4562.27
W10,2015-09-18,4562.27
W10,2015-09-25,4562.27
W10,2015-10-02,4663.48
W10,2015-10-09,4663.48
W10,2015-10-16,4663.48
W10,2015-10-23,4663.48
W10,2015-10-30,4627.21
W10,2015-11-06,4627.21
W10,2015-11-13,4627.21
W10,2015-11-20,4627.21
W10,2015-11-27,4513.71
W10,2015-12-04,4513.71
W10,2015-12-11,4513.71
W10,2015-12-18,4695.43
W10,2015-12-25,4695.43
W10,2016-01-01,4695.43
W10,2016-01-08,4695.43
W10,2016-01-15,4695.43
W10,2016-01-22,4695.43
W10,2016-01-29,4649.8
W10,2016-02-05,4649.8
W10,2016-02-12,4648.8
W10,2016-02-19,4648.8
W10,2016-02-26,4567.44
W10,2016-03-04,4567.44
W10,2016-03-11,4567.44
W10,2016-03-18,4567.44
W10,2016-03-25,4567.44
W10,2016-04-01,4627.31
W10,2016-04-08,4627.06
W10,2016-04-15,4627.06
W10,2016-04-22,4627.06
W10,2016-04-29,4585.32
W10,2016-05-06,4585.32
W10,2016-05-13,4585.32
W10,2016-05-20,4585.32
W10,2016-05-27,4511.77
W10,2016-06-03,4511.77
W10,2016-06-10,4511.77
W10,2016-06-17,4511.77
W10,2016-06-24,4511.77
W10,2016-07-01,4867.99
W10,2016-07-08,4867.99
W10,2016-07-15,4867.99
W10,2016-07-22,4867.99
W10,2016-07-29,4839.82
W10,2016-08-05,4839.82
W10,2016-08-12,4839.82
W10,2016-08-19,4839.82
W10,2016-08-26,4839.82
W10,2016-09-02,4827.26
W10,2016-09-09,4827.26
W10,2016-09-16,4827.26
W10,2016-09-23,4827.26
W10,2016-09-30,5137.97
W10,2016-10-07,5137.97
W10,2016-10-14,5137.97
W10,2016-10-21,5137.97
W10,2016-10-28,5122.14
W10,2016-11-04,5122.14
W10,2016-11-11,5122.14
W10,2016-11-18,5122.14
W50,1999-01-08,1797.99
W50,1999-01-15,1845.87
W50,1999-01-22,1840.92
W50,1999-01-29,1800.16
W50,1999-02-05,1782.83
W50,1999-02-12,1758.07
W50,1999-02-19,1760.76
W50,1999-02-26,1736.09
W50,1999-03-05,1686.35
W50,1999-03-12,1697.95
W50,1999-03-19,1694.31
W50,1999-03-26,1660.22
W50,1999-04-02,1648.05
W50,1999-04-09,1697.24
W50,1999-04-16,1695.05
W50,1999-04-23,1678.05
W50,1999-04-30,1701.39
W50,1999-05-07,1749.11
W50,1999-05-14,1737.63
W50,1999-05-21,1742.6
W50,1999-05-28,1768.83
W50,1999-06-04,1750.32
W50,1999-06-11,1717.41
W50,1999-06-18,1769.8
W50,1999-06-25,1746.28
W50,1999-07-02,1812.09
W50,1999-07-09,1790.45
W50,1999-07-16,1792.24
W50,1999-07-23,1799.34
W50,1999-07-30,1792.13
W50,1999-08-06,1722.75
W50,1999-08-13,1933.42
W50,1999-08-20,1991.24
W50,1999-08-27,2021.53
W50,1999-09-03,2012.89
W50,1999-09-10,2004.28
W50,1999-09-17,2071
W50,1999-09-24,2069
W50,1999-10-01,2084.51
W50,1999-10-08,2052.35
W50,1999-10-15,2082.8
W50,1999-10-22,2150.83
W50,1999-10-29,2139.93
W50,1999-11-05,2132.88
W50,1999-11-12,2106.99
W50,1999-11-19,2075.34
W50,1999-11-26,2043.03
W50,1999-12-03,2045.48
W50,1999-12-10,2007.18
W50,1999-12-17,1951.32
W50,1999-12-24,1943.95
W50,1999-12-31,1926.54
W50,2000-01-07,1971.74
W50,2000-01-14,1905.26
W50,2000-01-21,1904.08
W50,2000-01-28,1880.19
W50,2000-02-04,1974.15
W50,2000-02-11,1968.05
W50,2000-02-18,1976.26
W50,2000-02-25,1954.23
W50,2000-03-03,1932.64
W50,2000-03-10,1908.27
W50,2000-03-17,1927.55
W50,2000-03-24,1937.55
W50,2000-03-31,1889.72
W50,2000-04-07,1886.02
W50,2000-04-14,1898.4
W50,2000-04-21,1890.12
W50,2000-04-28,1899.53
W50,2000-05-05,1876.84
W50,2000-05-12,1905.83
W50,2000-05-19,1895.22
W50,2000-05-26,1897.59
W50,2000-06-02,1824.95
W50,2000-06-09,1809.42
W50,2000-06-16,1832.27
W50,2000-06-23,1838.33
W50,2000-06-30,1923.55
W50,2000-07-07,1943.78
W50,2000-07-14,2034.46
W50,2000-07-21,2014.15
W50,2000-07-28,1995.26
W50,2000-08-04,2037.15
W50,2000-08-11,2063.08
W50,2000-08-18,2031.15
W50,2000-08-25,2030.95
W50,2000-09-01,2005.88
W50,2000-09-08,1974.18
W50,2000-09-15,1981.1
W50,2000-09-22,2001.97
W50,2000-09-29,1992.15
W50,2000-10-06,1969.98
W50,2000-10-13,1928.14
W50,2000-10-20,1912.77
W50,2000-10-27,1908.17
W50,2000-11-03,1953.41
W50,2000-11-10,1899.51
W50,2000-11-17,1880.54
W50,2000-11-24,1816.24
W50,2000-12-01,1800.23
W50,2000-12-08,1821.2
W50,2000-12-15,1834.8
W50,2000-12-22,1823.38
W50,2000-12-29,1812.42
W50,2001-01-05,1800.39
W50,2001-01-12,1887.55
W50,2001-01-19,1938.47
W50,2001-01-26,1945.54
W50,2001-02-02,2020.62
W50,2001-02-09,2067.34
W50,2001-02-16,2137.9
W50,2001-02-23,2142.65
W50,2001-03-02,2075.13
W50,2001-03-09,2086.19
W50,2001-03-16,2093.63
W50,2001-03-23,2061.26
W50,2001-03-30,2028.59
W50,2001-04-06,2037.69
W50,2001-04-13,2065.91
W50,2001-04-20,2106.03
W50,2001-04-27,2106.69
W50,2001-05-04,2042.52
W50,2001-05-11,2032.5
W50,2001-05-18,2037.02
W50,2001-05-25,2082
W50,2001-06-01,2050.44
W50,2001-06-08,2100.35
W50,2001-06-15,2115.01
W50,2001-06-22,2084.3
W50,2001-06-29,2102.97
W50,2001-07-06,2079.8
W50,2001-07-13,2100.35
W50,2001-07-20,1985.09
W50,2001-07-27,1993.95
W50,2001-08-03,1956.67
W50,2001-08-10,1985.33
W50,2001-08-17,1968.82
W50,2001-08-24,1948.78
W50,2001-08-31,1951.5
W50,2001-09-07,1982.37
W50,2001-09-14,2003.76
W50,2001-09-21,2020.94
W50,2001-09-28,2006.36
W50,2001-10-05,2029.49
W50,2001-10-12,2045.11
W50,2001-10-19,2098.59
W50,2001-10-26,2083.58
W50,2001-11-02,2110.99
W50,2001-11-09,2076.88
W50,2001-11-16,2129.2
W50,2001-11-23,2163.46
W50,2001-11-30,2138.42
W50,2001-12-07,2139.72
W50,2001-12-14,2106.41
W50,2001-12-21,2092.91
W50,2001-12-28,2075.3
W50,2002-01-04,2083.34
W50,2002-01-11,2087.35
W50,2002-01-18,2064.08
W50,2002-01-25,2046.47
W50,2002-02-01,2036.57
W50,2002-02-08,2051.1
W50,2002-02-15,2070.48
W50,2002-02-22,2065.68
W50,2002-03-01,2042.51
W50,2002-03-08,2036.3
W50,2002-03-15,2059.77
W50,2002-03-22,2063.61
W50,2002-03-29,1995.46
W50,2002-04-05,1959.17
W50,2002-04-12,1957.09
W50,2002-04-19,1964.71
W50,2002-04-26,2020.98
W50,2002-05-03,2010.8
W50,2002-05-10,2003.3
W50,2002-05-17,2021.9
W50,2002-05-24,2006
W50,2002-05-31,2014.4
W50,2002-06-07,1984.4
W50,2002-06-14,1992.19
W50,2002-06-21,2008.23
W50,2002-06-28,2036.11
W50,2002-07-05,2049.87
W50,2002-07-12,2059.09
W50,2002-07-19,2081.35
W50,2002-07-26,2133.1
W50,2002-08-02,2157.88
W50,2002-08-09,2183.15
W50,2002-08-16,2229.37
W50,2002-08-23,2304.24
W50,2002-08-30,2375.19
W50,2002-09-06,2364.98
W50,2002-09-13,2556.51
W50,2002-09-20,2550.64
W50,2002-09-27,2569.79
W50,2002-10-04,2608.53
W50,2002-10-11,2607.02
W50,2002-10-18,2579.8
W50,2002-10-25,2664.8
W50,2002-11-01,2671.29
W50,2002-11-08,2655.56
W50,2002-11-15,2737.58
W50,2002-11-22,2768.12
W50,2002-11-29,2796.08
W50,2002-12-06,2770.34
W50,2002-12-13,2833.68
W50,2002-12-20,2773.78
W50,2002-12-27,2685.09
W50,2003-01-03,2751.54
W50,2003-01-10,2779.35
W50,2003-01-17,2739.6
W50,2003-01-24,2664.96
W50,2003-01-31,2747.09
W50,2003-02-07,2805.5
W50,2003-02-14,2817.1
W50,2003-02-21,2893.57
W50,2003-02-28,2947.55
W50,2003-03-07,3003.05
W50,2003-03-14,2948.12
W50,2003-03-21,3057.23
W50,2003-03-28,3111.51
W50,2003-04-04,3175.46
W50,2003-04-11,3142.74
W50,2003-04-18,3213.6
W50,2003-04-25,3189.84
W50,2003-05-02,3171.6
W50,2003-05-09,3189.77
W50,2003-05-16,3253.82
W50,2003-05-23,3254.53
W50,2003-05-30,3137.74
W50,2003-06-06,3228.24
W50,2003-06-13,3138.98
W50,2003-06-20,3187.67
W50,2003-06-27,3191.42
W50,2003-07-04,3214.7
W50,2003-07-11,3224.31
W50,2003-07-18,3266
W50,2003-07-25,3249.95
W50,2003-08-01,3426.21
W50,2003-08-08,3376.85
W50,2003-08-15,3354.16
W50,2003-08-22,3328.26
W50,2003-08-29,3295.51
W50,2003-09-05,3209.69
W50,2003-09-12,3219.57
W50,2003-09-19,3228.03
W50,2003-09-26,3231.41
W50,2003-10-03,3231.53
W50,2003-10-10,3314
W50,2003-10-17,3260.53
W50,2003-10-24,3216.57
W50,2003-10-31,3270.21
W50,2003-11-07,3222.32
W50,2003-11-14,3108.89
W50,2003-11-21,3110.32
W50,2003-11-28,3076.83
W50,2003-12-05,3161.78
W50,2003-12-12,3205.71
W50,2003-12-19,3298.61
W50,2003-12-26,3367.08
W50,2004-01-02,3399.68
W50,2004-01-09,3393.19
W50,2004-01-16,3320.76
W50,2004-01-23,3384.27
W50,2004-01-30,3352.1
W50,2004-02-06,3260.84
W50,2004-02-13,3353.54
W50,2004-02-20,3368.79
W50,2004-02-27,3405.18
W50,2004-03-05,3402.94
W50,2004-03-12,3441.62
W50,2004-03-19,3479.47
W50,2004-03-26,3481.48
W50,2004-04-02,3509.98
W50,2004-04-09,3517.05
W50,2004-04-16,3503.85
W50,2004-04-23,3403.76
W50,2004-04-30,3481.56
W50,2004-05-07,3394.58
W50,2004-05-14,3444.62
W50,2004-05-21,3507.3
W50,2004-05-28,3411.3
W50,2004-06-04,3336.94
W50,2004-06-11,3263.7
W50,2004-06-18,3283.21
W50,2004-06-25,3295.1
W50,2004-07-02,3261.89
W50,2004-07-09,3274.09
W50,2004-07-16,3290.56
W50,2004-07-23,3134.99
W50,2004-07-30,3112.1
W50,2004-08-06,3162.45
W50,2004-08-13,3248.64
W50,2004-08-20,3235.98
W50,2004-08-27,3320.71
W50,2004-09-03,3362.79
W50,2004-09-10,3324.58
W50,2004-09-17,3323.01
W50,2004-09-24,3280.81
W50,2004-10-01,3268.48
W50,2004-10-08,3282.18
W50,2004-10-15,3281.51
W50,2004-10-22,3312.74
W50,2004-10-29,3265.18
W50,2004-11-05,3194.29
W50,2004-11-12,3153.82
W50,2004-11-19,3148.29
W50,2004-11-26,3195.57
W50,2004-12-03,3205.84
W50,2004-12-10,3104.95
W50,2004-12-17,3090.35
W50,2004-12-24,3108.08
W50,2004-12-31,3083.1
W50,2005-01-07,3080.54
W50,2005-01-14,3188.9
W50,2005-01-21,3220.77
W50,2005-01-28,3238.19
W50,2005-02-04,3204.46
W50,2005-02-11,3164.83
W50,2005-02-18,3221.46
W50,2005-02-25,3294.51
W50,2005-03-04,3279.03
W50,2005-03-11,3282.55
W50,2005-03-18,3275.23
W50,2005-03-25,3312.28
W50,2005-04-01,3296.43
W50,2005-04-08,3301.51
W50,2005-04-15,3251.37
W50,2005-04-22,3192.27
W50,2005-04-29,3205.06
W50,2005-05-06,3259.83
W50,2005-05-13,3150.83
W50,2005-05-20,3064.8
W50,2005-05-27,3087.84
W50,2005-06-03,3087.38
W50,2005-06-10,3034.32
W50,2005-06-17,3014.87
W50,2005-06-24,3044.01
W50,2005-07-01,3039.8
W50,2005-07-08,3081.93
W50,2005-07-15,3061.07
W50,2005-07-22,3140.27
W50,2005-07-29,3141.24
W50,2005-08-05,3083.58
W50,2005-08-12,3080.91
W50,2005-08-19,3016.81
W50,2005-08-26,3019.58
W50,2005-09-02,3055.74
W50,2005-09-09,3039.06
W50,2005-09-16,3027.82
W50,2005-09-23,2962.12
W50,2005-09-30,2946.55
W50,2005-10-07,2925.59
W50,2005-10-14,2876.91
W50,2005-10-21,2871.91
W50,2005-10-28,2888.2
W50,2005-11-04,2817.47
W50,2005-11-11,2832.91
W50,2005-11-18,2802.27
W50,2005-11-25,2820.1
W50,2005-12-02,2777.11
W50,2005-12-09,2812.57
W50,2005-12-16,2808.79
W50,2005-12-23,2795.49
W50,2005-12-30,2858.21
W50,2006-01-06,2856.5
W50,2006-01-13,2811.56
W50,2006-01-20,2838.25
W50,2006-01-27,2811.24
W50,2006-02-03,2883.3
W50,2006-02-10,2842.33
W50,2006-02-17,2799.14
W50,2006-02-24,2778.51
W50,2006-03-03,2757.57
W50,2006-03-10,2796.87
W50,2006-03-17,2758.62
W50,2006-03-24,2750.27
W50,2006-03-31,2779.81
W50,2006-04-07,2753.19
W50,2006-04-14,2725.52
W50,2006-04-21,2667.78
W50,2006-04-28,2660.94
W50,2006-05-05,2660.7
W50,2006-05-12,2679.76
W50,2006-05-19,2676.55
W50,2006-05-26,2658.92
W50,2006-06-02,2680.47
W50,2006-06-09,2730.56
W50,2006-06-16,2708.22
W50,2006-06-23,2695.26
W50,2006-06-30,2757.4
W50,2006-07-07,2753.68
W50,2006-07-14,2739.25
W50,2006-07-21,2764.55
W50,2006-07-28,2745.78
W50,2006-08-04,2733.3
W50,2006-08-11,2701.8
W50,2006-08-18,2684.73
W50,2006-08-25,2676.6
W50,2006-09-01,2669.07
W50,2006-09-08,2706.58
W50,2006-09-15,2691.19
W50,2006-09-22,2720.98
W50,2006-09-29,2711.8
W50,2006-10-06,2772.01
W50,2006-10-13,2817.5
W50,2006-10-20,2824.22
W50,2006-10-27,2876.98
W50,2006-11-03,2978.82
W50,2006-11-10,3021.8
W50,2006-11-17,3047.8
W50,2006-11-24,3128.97
W50,2006-12-01,3222.57
W50,2006-12-08,3195
W50,2006-12-15,3184.59
W50,2006-12-22,3179.62
W50,2006-12-29,3241.16
W50,2007-01-05,3223.15
W50,2007-01-12,3348.13
W50,2007-01-19,3275.03
W50,2007-01-26,3210.11
W50,2007-02-02,3196.96
W50,2007-02-09,3097.82
W50,2007-02-16,3090.16
W50,2007-02-23,3019.63
W50,2007-03-02,3061.18
W50,2007-03-09,3080.35
W50,2007-03-16,3035.29
W50,2007-03-23,3033
W50,2007-03-30,3087.53
W50,2007-04-06,3034.92
W50,2007-04-13,3031.29
W50,2007-04-20,2980.34
W50,2007-04-27,2959.64
W50,2007-05-04,2951.8
W50,2007-05-11,2939.8
W50,2007-05-18,2930.84
W50,2007-05-25,2918.48
W50,2007-06-01,2913.24
W50,2007-06-08,2986.34
W50,2007-06-15,3036.73
W50,2007-06-22,3027.92
W50,2007-06-29,2975.7
W50,2007-07-06,2941.22
W50,2007-07-13,2949.37
W50,2007-07-20,2902.32
W50,2007-07-27,2874.95
W50,2007-08-03,2884.94
W50,2007-08-10,2919.89
W50,2007-08-17,2927.47
W50,2007-08-24,2924.64
W50,2007-08-31,2912.63
W50,2007-09-07,2918.79
W50,2007-09-14,2908.73
W50,2007-09-21,2938.52
W50,2007-09-28,2957.7
W50,2007-10-05,2912.78
W50,2007-10-12,2923.3
W50,2007-10-19,2891.8
W50,2007-10-26,2870.58
W50,2007-11-02,2898.25
W50,2007-11-09,2913.36
W50,2007-11-16,2876.48
W50,2007-11-23,2872.03
W50,2007-11-30,2817.79
W50,2007-12-07,2753.32
W50,2007-12-14,2710.51
W50,2007-12-21,2638.17
W50,2007-12-28,2597.98
W50,2008-01-04,2537.58
W50,2008-01-11,2589.95
W50,2008-01-18,2605.32
W50,2008-01-25,2645.1
W50,2008-02-01,2678.37
W50,2008-02-08,2694.06
W50,2008-02-15,2651.94
W50,2008-02-22,2705.93
W50,2008-02-29,2703.35
W50,2008-03-07,2681.37
W50,2008-03-14,2672.49
W50,2008-03-21,2717.68
W50,2008-03-28,2911.58
W50,2008-04-04,2979.33
W50,2008-04-11,2967.76
W50,2008-04-18,2990.95
W50,2008-04-25,2870.08
W50,2008-05-02,2854.94
W50,2008-05-09,2853.9
W50,2008-05-16,2815.98
W50,2008-05-23,2884.29
W50,2008-05-30,2906.27
W50,2008-06-06,2889.27
W50,2008-06-13,2907.85
W50,2008-06-20,2987.23
W50,2008-06-27,2975.52
W50,2008-07-04,3073.05
W50,2008-07-11,3042.06
W50,2008-07-18,2964.49
W50,2008-07-25,2927.48
W50,2008-08-01,2877.41
W50,2008-08-08,2967.47
W50,2008-08-15,2965.68
W50,2008-08-22,2964.18
W50,2008-08-29,2902.26
W50,2008-09-05,2850.88
W50,2008-09-12,2898.94
W50,2008-09-19,2884.87
W50,2008-09-26,2809.08
W50,2008-10-03,2780.87
W50,2008-10-10,2815.26
W50,2008-10-17,2796.49
W50,2008-10-24,2899.18
W50,2008-10-31,2888.29
W50,2008-11-07,2801.34
W50,2008-11-14,2880.6
W50,2008-11-21,2868.57
W50,2008-11-28,2837.6
W50,2008-12-05,2829.53
W50,2008-12-12,2754.22
W50,2008-12-19,2766.83
W50,2008-12-26,2732.33
W50,2009-01-02,2772.18
W50,2009-01-09,2766.24
W50,2009-01-16,2801.75
W50,2009-01-23,2723.39
W50,2009-01-30,2667.27
W50,2009-02-06,2615.69
W50,2009-02-13,2608.48
W50,2009-02-20,3033.8
W50,2009-02-27,2740.22
W50,2009-03-06,2801.08
W50,2009-03-13,2780.44
W50,2009-03-20,2796.59
W50,2009-03-27,2798.4
W50,2009-04-03,2688.13
W50,2009-04-10,2767.78
W50,2009-04-17,2761.13
W50,2009-04-24,2812.04
W50,2009-05-01,2874.65
W50,2009-05-08,2903.67
W50,2009-05-15,3114.34
W50,2009-05-22,3102.61
W50,2009-05-29,3111
W50,2009-06-05,3034.75
W50,2009-06-12,3061.51
W50,2009-06-19,3033.1
W50,2009-06-26,2974.24
W50,2009-07-03,3095.11
W50,2009-07-10,2988.67
W50,2009-07-17,2953.29
W50,2009-07-24,2973.33
W50,2009-07-31,2958.59
W50,2009-08-07,2942.88
W50,2009-08-14,3071.81
W50,2009-08-21,3015.92
W50,2009-08-28,3082.37
W50,2009-09-04,3125.37
W50,2009-09-11,3037.56
W50,2009-09-18,3039.34
W50,2009-09-25,2924.34
W50,2009-10-02,2876.85
W50,2009-10-09,3059.55
W50,2009-10-16,3164.57
W50,2009-10-23,3232.15
W50,2009-10-30,3208.06
W50,2009-11-06,3230.86
W50,2009-11-13,3257.44
W50,2009-11-20,3202.63
W50,2009-11-27,3164.98
W50,2009-12-04,3239.03
W50,2009-12-11,3409.03
W50,2009-12-18,3291.89
W50,2009-12-25,3170.36
W50,2010-01-01,3154.85
W50,2010-01-08,3044.66
W50,2010-01-15,3040.25
W50,2010-01-22,2965.8
W50,2010-01-29,3043.96
W50,2010-02-05,3083.47
W50,2010-02-12,3088.31
W50,2010-02-19,2937.79
W50,2010-02-26,2791.74
W50,2010-03-05,2891.04
W50,2010-03-12,3085.08
W50,2010-03-19,3051.77
W50,2010-03-26,2936.82
W50,2010-04-02,2926.8
W50,2010-04-09,2894.73
W50,2010-04-16,2779
W50,2010-04-23,2889.34
W50,2010-04-30,2867.38
W50,2010-05-07,2859.09
W50,2010-05-14,2884.5
W50,2010-05-21,2904.69
W50,2010-05-28,2894.87
W50,2010-06-04,2931.95
W50,2010-06-11,2921.28
W50,2010-06-18,2820.69
W50,2010-06-25,2814.62
W50,2010-07-02,2789.61
W50,2010-07-09,2760.52
W50,2010-07-16,2721.2
W50,2010-07-23,2876.63
W50,2010-07-30,2967.02
W50,2010-08-06,2910.37
W50,2010-08-13,2939.91
W50,2010-08-20,2907.71
W50,2010-08-27,3001.31
W50,2010-09-03,2998.86
W50,2010-09-10,2975.81
W50,2010-09-17,2897.57
W50,2010-09-24,2890.7
W50,2010-10-01,2933.89
W50,2010-10-08,2946.82
W50,2010-10-15,2810.72
W50,2010-10-22,2838.06
W50,2010-10-29,2780.51
W50,2010-11-05,2781.31
W50,2010-11-12,2716.87
W50,2010-11-19,2635.95
W50,2010-11-26,2610.55
W50,2010-12-03,2635.48
W50,2010-12-10,2619.71
W50,2010-12-17,2594.77
W50,2010-12-24,2575.08
W50,2010-12-31,2567.93
W50,2011-01-07,2600.19
W50,2011-01-14,2586.07
W50,2011-01-21,2625.41
W50,2011-01-28,2603.74
W50,2011-02-04,2623.21
W50,2011-02-11,2562.35
W50,2011-02-18,2448.21
W50,2011-02-25,2521.89
W50,2011-03-04,2426.74
W50,2011-03-11,2365.88
W50,2011-03-18,2339.53
W50,2011-03-25,2360.39
W50,2011-04-01,2354.39
W50,2011-04-08,2332.43
W50,2011-04-15,2352.04
W50,2011-04-22,2381.05
W50,2011-04-29,2388.2
W50,2011-05-06,2404.17
W50,2011-05-13,2404.79
W50,2011-05-20,2399.25
W50,2011-05-27,2406.48
W50,2011-06-03,2319.63
W50,2011-06-10,2312.79
W50,2011-06-17,2302.99
W50,2011-06-24,2313.45
W50,2011-07-01,2324.16
W50,2011-07-08,2294.06
W50,2011-07-15,2322.81
W50,2011-07-22,2428.97
W50,2011-07-29,2456.93
W50,2011-08-05,2472.63
W50,2011-08-12,2478.48
W50,2011-08-19,2538.27
W50,2011-08-26,2531.36
W50,2011-09-02,2550.08
W50,2011-09-09,2565.43
W50,2011-09-16,2537.24
W50,2011-09-23,2551.77
W50,2011-09-30,2498.72
W50,2011-10-07,2492.3
W50,2011-10-14,2543.59
W50,2011-10-21,2520.74
W50,2011-10-28,2539.13
W50,2011-11-04,2527.82
W50,2011-11-11,2645.11
W50,2011-11-18,2424.02
W50,2011-11-25,2489.16
W50,2011-12-02,2501.26
W50,2011-12-09,2544.7
W50,2011-12-16,2540.1
W50,2011-12-23,2555.59
W50,2011-12-30,2557.55
W50,2012-01-06,2580.79
W50,2012-01-13,2622.83
W50,2012-01-20,2658.95
W50,2012-01-27,2578.79
W50,2012-02-03,2605.85
W50,2012-02-10,2652.46
W50,2012-02-17,2633.14
W50,2012-02-24,2670.86
W50,2012-03-02,2628.6
W50,2012-03-09,2617.62
W50,2012-03-16,2601.1
W50,2012-03-23,2627.4
W50,2012-03-30,2566.26
W50,2012-04-06,2582.28
W50,2012-04-13,2584.37
W50,2012-04-20,2610.64
W50,2012-04-27,2614.93
W50,2012-05-04,2585.22
W50,2012-05-11,2568.43
W50,2012-05-18,2536.4
W50,2012-05-25,2543.43
W50,2012-06-01,2573.92
W50,2012-06-08,2506.39
W50,2012-06-15,2473.73
W50,2012-06-22,2528.35
W50,2012-06-29,2526.37
W50,2012-07-06,2522.19
W50,2012-07-13,2556.26
W50,2012-07-20,2555.14
W50,2012-07-27,2579.87
W50,2012-08-03,2577.92
W50,2012-08-10,2535.74
W50,2012-08-17,2473.56
W50,2012-08-24,2516.84
W50,2012-08-31,2573.03
W50,2012-09-07,2586.5
W50,2012-09-14,2622.87
W50,2012-09-21,2636.75
W50,2012-09-28,2630.44
W50,2012-10-05,2609.17
W50,2012-10-12,2624.86
W50,2012-10-19,2612.71
W50,2012-10-26,2590.12
W50,2012-11-02,2594.51
W50,2012-11-09,2557.43
W50,2012-11-16,2640.54
W50,2012-11-23,2634.66
W50,2012-11-30,2584.41
W50,2012-12-07,2523.25
W50,2012-12-14,2518.06
W50,2012-12-21,2515.5
W50,2012-12-28,2407.98
W50,2013-01-04,2353.41
W50,2013-01-11,2351.11
W50,2013-01-18,2368.99
W50,2013-01-25,2392.16
W50,2013-02-01,2363.34
W50,2013-02-08,2341.47
W50,2013-02-15,2338.09
W50,2013-02-22,2382.68
W50,2013-03-01,2377.18
W50,2013-03-08,2340.89
W50,2013-03-15,2328.77
W50,2013-03-22,2299.7
W50,2013-03-29,2333.66
W50,2013-04-05,2384.25
W50,2013-04-12,2317.1
W50,2013-04-19,2315.02
W50,2013-04-26,2343.6
W50,2013-05-03,2327.95
W50,2013-05-10,2305.14
W50,2013-05-17,2285.07
W50,2013-05-24,2275.92
W50,2013-05-31,2304.62
W50,2013-06-07,2267.67
W50,2013-06-14,2260.13
W50,2013-06-21,2203.28
W50,2013-06-28,2252.52
W50,2013-07-05,2227.52
W50,2013-07-12,2273.58
W50,2013-07-19,2196.56
W50,2013-07-26,2168.2
W50,2013-08-02,2166.94
W50,2013-08-09,2204.4
W50,2013-08-16,2198.44
W50,2013-08-23,2193.36
W50,2013-08-30,2193.05
W50,2013-09-06,2211.4
W50,2013-09-13,2262.17
W50,2013-09-20,2309
W50,2013-09-27,2292.76
W50,2013-10-04,2357.13
W50,2013-10-11,2336.96
W50,2013-10-18,2325.31
W50,2013-10-25,2337.84
W50,2013-11-01,2332.34
W50,2013-11-08,2343.84
W50,2013-11-15,2346
W50,2013-11-22,2378.54
W50,2013-11-29,2346.32
W50,2013-12-06,2303.38
W50,2013-12-13,2320.29
W50,2013-12-20,2344.6
W50,2013-12-27,2361.5
W50,2014-01-03,2328.28
W50,2014-01-10,2348.68
W50,2014-01-17,2363.78
W50,2014-01-24,2334.49
W50,2014-01-31,2291.95
W50,2014-02-07,2338.72
W50,2014-02-14,2344.15
W50,2014-02-21,2356.03
W50,2014-02-28,2397.86
W50,2014-03-07,2403.34
W50,2014-03-14,2401.42
W50,2014-03-21,2376.73
W50,2014-03-28,2371.75
W50,2014-04-04,2385.51
W50,2014-04-11,2361.46
W50,2014-04-18,2352.57
W50,2014-04-25,2360.77
W50,2014-05-02,2347.28
W50,2014-05-09,2367.95
W50,2014-05-16,2391.78
W50,2014-05-23,2422.83
W50,2014-05-30,2380.3
W50,2014-06-06,2391.17
W50,2014-06-13,2408.81
W50,2014-06-20,2381.17
W50,2014-06-27,2365.97
W50,2014-07-04,2412.44
W50,2014-07-11,2460.67
W50,2014-07-18,2530.64
W50,2014-07-25,2521.42
W50,2014-08-01,2554.28
W50,2014-08-08,2515.48
W50,2014-08-15,2468.37
W50,2014-08-22,2479.64
W50,2014-08-29,2472.35
W50,2014-09-05,2503.4
W50,2014-09-12,2509.94
W50,2014-09-19,2504.62
W50,2014-09-26,2511.06
W50,2014-10-03,2504.72
W50,2014-10-10,2567.46
W50,2014-10-17,2572.14
W50,2014-10-24,2561.12
W50,2014-10-31,2564.49
W50,2014-11-07,2551.01
W50,2014-11-14,2586.38
W50,2014-11-21,2569.59
W50,2014-11-28,2558.97
W50,2014-12-05,2542.01
W50,2014-12-12,2572.51
W50,2014-12-19,2593.56
W50,2014-12-26,2570.69
W50,2015-01-02,2585.83
W50,2015-01-09,2597.26
W50,2015-01-16,2612.81
W50,2015-01-23,2625.14
W50,2015-01-30,2651.26
W50,2015-02-06,2660.74
W50,2015-02-13,2654.64
W50,2015-02-20,2655.55
W50,2015-02-27,2659.04
W50,2015-03-06,2644.29
W50,2015-03-13,2629.32
W50,2015-03-20,2629.96
W50,2015-03-27,2728.57
W50,2015-04-03,2714.85
W50,2015-04-10,2782.56
W50,2015-04-17,2787.24
W50,2015-04-24,2813.44
W50,2015-05-01,2839.1
W50,2015-05-08,2821.11
W50,2015-05-15,2838.86
W50,2015-05-22,2755.05
W50,2015-05-29,2710.67
W50,2015-06-05,2694.67
W50,2015-06-12,2665.44
W50,2015-06-19,2660.56
W50,2015-06-26,2678.37
W50,2015-07-03,2681.22
W50,2015-07-10,2680.76
W50,2015-07-17,2622.28
W50,2015-07-24,2630.4
W50,2015-07-31,2598.06
W50,2015-08-07,2594.41
W50,2015-08-14,2581.99
W50,2015-08-21,2541.49
W50,2015-08-28,2557
W50,2015-09-04,2570.41
W50,2015-09-11,2513.05
W50,2015-09-18,2527.39
W50,2015-09-25,2530.08
W50,2015-10-02,2532.93
W50,2015-10-09,2482.19
W50,2015-10-16,2506.37
W50,2015-10-23,2528.89
W50,2015-10-30,2514.47
W50,2015-11-06,2547.7
W50,2015-11-13,2552.64
W50,2015-11-20,2501.36
W50,2015-11-27,2576.47
W50,2015-12-04,2539.3
W50,2015-12-11,2572.44
W50,2015-12-18,2553.33
W50,2015-12-25,2550.92
W50,2016-01-01,2580.87
W50,2016-01-08,2597.05
W50,2016-01-15,2599.89
W50,2016-01-22,2568.67
W50,2016-01-29,2586.8
W50,2016-02-05,2653.77
W50,2016-02-12,2679.95
W50,2016-02-19,2703.53
W50,2016-02-26,2824.3
W50,2016-03-04,2990.57
W50,2016-03-11,2868.88
W50,2016-03-18,2831.99
W50,2016-03-25,2907.14
W50,2016-04-01,2842.1
W50,2016-04-08,2842.02
W50,2016-04-15,2855.72
W50,2016-04-22,2655.45
W50,2016-04-29,2711.18
W50,2016-05-06,2730.21
W50,2016-05-13,2711.5
W50,2016-05-20,2762.89
W50,2016-05-27,2793.47
W50,2016-06-03,2788.97
W50,2016-06-10,2810.88
W50,2016-06-17,2816.42
W50,2016-06-24,2770.51
W50,2016-07-01,2772.99
W50,2016-07-08,2791.85
W50,2016-07-15,2637.51
W50,2016-07-22,2699.05
W50,2016-07-29,2675.26
W50,2016-08-05,2678.95
W50,2016-08-12,2659.56
W50,2016-08-19,2707.65
W50,2016-08-26,2779.87
W50,2016-09-02,2798.15
W50,2016-09-09,2904.73
W50,2016-09-16,2845.89
W50,2016-09-23,2858.14
W50,2016-09-30,2864.33
W50,2016-10-07,2893.5
W50,2016-10-14,2912.07
W50,2016-10-21,2987.9
W50,2016-10-28,2960.18
W50,2016-11-04,2970.33
W50,2016-11-11,3071.43
W50,2016-11-18,3143.98
W50,2016-11-25,3234.44
W50,2016-12-02,3314.83
W50,2016-12-09,3445.51
W50,2016-12-16,3479.04
W50,2016-12-23,3476.03
W50,2016-12-30,3472.21
W50,2017-01-06,3433.77
W50,2017-01-13,3398.31
W50,2017-01-20,3496.79
W50,2017-01-27,3498.19
W50,2017-02-03,3417.48
W50,2017-02-10,3281.23
W50,2017-02-17,3351.28
W50,2017-02-24,3243.13
W50,2017-03-03,3219.23
W50,2017-03-10,3100.38
W50,2017-03-17,3297.22
W50,2017-03-24,3295.09
W50,2017-03-31,3280.35
W50,2017-04-07,3282.02
W50,2017-04-14,3434.21
W50,2017-04-21,3570.28
W50,2017-04-28,3690.66
W50,2017-05-05,3613.21
W50,2017-05-12,3611.74
W50,2017-05-19,3433.26
W50,2017-05-26,3571.38
W50,2017-06-02,3537.67
W50,2017-06-09,3550.13
W50,2017-06-16,3608.23
W50,2017-06-23,3714.86
W50,2017-06-30,3873.88
W50,2017-07-07,3812.53
W50,2017-07-14,3704.42
W50,2017-07-21,3643.68
W50,2017-07-28,3513.8
W50,2017-08-04,3553.49
W50,2017-08-11,3528.71
W50,2017-08-18,3483.68
W50,2017-08-25,3413.53
W50,2017-09-01,3441.92
W50,2017-09-08,3533.9
W50,2017-09-15,3386.73
W50,2017-09-22,3299.35
W50,2017-09-29,3291.32
W50,2017-10-06,3374.48
W50,2017-10-13,3379.94
W50,2017-10-20,3429.46
W50,2017-10-27,3412.3
W50,2017-11-03,3424.6
W50,2017-11-10,3470.15
W50,2017-11-17,3326.65
W50,2017-11-24,3373.38
W50,2017-12-01,3398.24
W50,2017-12-08,3206.74
W50,2017-12-15,3238.82
W50,2017-12-22,3306.49
W50,2017-12-29,3253.2
W50,2018-01-05,3226.1
W50,2018-01-12,3436.72
W50,2018-01-19,3436.2
W50,2018-01-26,3249.47
W50,2018-02-02,3252.9
W50,2018-02-09,3267.09
W50,2018-02-16,3292.33
W50,2018-02-23,3267.08
W50,2018-03-02,3342.97
W50,2018-03-09,3207.48
W50,2018-03-16,3345.47
W50,2018-03-23,3210.33
W50,2018-03-30,3215.04
W50,2018-04-06,3258.91
W50,2018-04-13,3225.18
W120,2009-07-01,1090.22
W120,2009-07-08,1161.09
W120,2009-07-15,981.18
W120,2009-07-22,1062.42
W120,2009-07-29,1006.67
W120,2009-08-05,1031.4
W120,2009-08-12,1061.81
W120,2009-08-19,1090.49
W120,2009-08-26,1056.41
W120,2009-09-02,1094.36
W120,2009-09-09,1047.77
W120,2009-09-16,1032.76
W120,2009-09-23,1112.62
W120,2009-09-30,899.65
W120,2009-10-07,973.88
W120,2009-10-14,861.67
W120,2009-10-21,848.99
W120,2009-10-28,831.83
W120,2009-11-04,757.64
W120,2009-11-11,796.63
W120,2009-11-18,839.18
W120,2009-11-25,971.02
W120,2009-12-02,951.01
W120,2009-12-09,915.52
W120,2009-12-16,838.35
W120,2009-12-23,810.42
W120,2009-12-30,866.21
W120,2010-01-06,1002.85
W120,2010-01-13,976.24
W120,2010-01-20,1007.14
W120,2010-01-27,1009.08
W120,2010-02-03,975.57
W120,2010-02-10,964.63
W120,2010-02-17,949.82
W120,2010-02-24,979.44
W120,2010-03-03,1036.68
W120,2010-03-10,1022.45
W120,2010-03-17,948.8
W120,2010-03-24,941.47
W120,2010-03-31,964.24
W120,2010-04-07,1048.22
W120,2010-04-14,953.34
W120,2010-04-21,994.54
W120,2010-04-28,1002.23
W120,2010-05-05,1148.41
W120,2010-05-12,1077.53
W120,2010-05-19,1139.71
W120,2010-05-26,1116.95
W120,2010-06-02,1053.35
W120,2010-06-09,1154.38
W120,2010-06-16,986.02
W120,2010-06-23,1047.44
W120,2010-06-30,1201.89
W120,2010-07-07,1185.7
W120,2010-07-14,1171.49
W120,2010-07-21,1264.13
W120,2010-07-28,1225.52
W120,2010-08-04,1202.82
W120,2010-08-11,1285.15
W120,2010-08-18,1272.13
W120,2010-08-25,1330.41
W120,2010-09-01,1270.17
W120,2010-09-08,1246.43
W120,2010-09-15,1182.64
W120,2010-09-22,1269.77
W120,2010-09-29,1334.2
W120,2010-10-06,1422.53
W120,2010-10-13,1403.04
W120,2010-10-20,1372.98
W120,2010-10-27,1195.4
W120,2010-11-03,1325.34
W120,2010-11-10,1286.87
W120,2010-11-17,1212.21
W120,2010-11-24,1092.37
W120,2010-12-01,1113.55
W120,2010-12-08,1034.67
W120,2010-12-15,1028.11
W120,2010-12-22,991.38
W120,2010-12-29,1001.98
W120,2011-01-05,1039.88
W120,2011-01-12,1022.83
W120,2011-01-19,1058.17
W120,2011-01-26,1017.86
W120,2011-02-02,1078.54
W120,2011-02-09,1026.02
W120,2011-02-16,1011.17
W120,2011-02-23,1069.64
W120,2011-03-02,1069.58
W120,2011-03-09,1085.64
W120,2011-03-16,1127.74
W120,2011-03-23,1048.36
W120,2011-03-30,1038.93
W120,2011-04-06,1052.22
W120,2011-04-13,1066.78
W120,2011-04-20,1110.52
W120,2011-04-27,1127.65
W120,2011-05-04,1196.4
W120,2011-05-11,1143.87
W120,2011-05-18,1150.75
W120,2011-05-25,1135.88
W120,2011-06-01,1249.21
W120,2011-06-08,1237.87
W120,2011-06-15,1183.11
W120,2011-06-22,1216.28
W120,2011-06-29,1136.36
W120,2011-07-06,1136.63
W120,2011-07-13,1236.19
W120,2011-07-20,1194.63
W120,2011-07-27,1188.36
W120,2011-08-03,1368.87
W120,2011-08-10,1711.64
W120,2011-08-17,1430.49
W120,2011-08-24,1331.32
W120,2011-08-31,1258.54
W120,2011-09-07,1491.49
W120,2011-09-14,1509.32
W120,2011-09-21,1524.39
W120,2011-09-28,1464.99
W120,2011-10-05,1539.87
W120,2011-10-12,1417.44
W120,2011-10-19,1442.75
W120,2011-10-26,1389.27
W120,2011-11-02,1482.14
W120,2011-11-09,1511.07
W120,2011-11-16,1484.94
W120,2011-11-23,1622.67
W120,2011-11-30,1381.21
W120,2011-12-07,1554.06
W120,2011-12-14,1635.05
W120,2011-12-21,1493.28
W120,2011-12-28,1543.91
W120,2012-01-04,1485.92
W120,2012-01-11,1499.82
W120,2012-01-18,1455.99
W120,2012-01-25,1444.99
W120,2012-02-01,1586.79
W120,2012-02-08,1461.91
W120,2012-02-15,1488.31
W120,2012-02-22,1478.49
W120,2012-02-29,1393.94
W120,2012-03-07,1336.8
W120,2012-03-14,1318.79
W120,2012-03-21,1281.04
W120,2012-03-28,1223.29
W120,2012-04-04,1194.19
W120,2012-04-11,1270.24
W120,2012-04-18,1242.56
W120,2012-04-25,1237.4
W120,2012-05-02,1199.35
W120,2012-05-09,1290.8
W120,2012-05-16,1333.61
W120,2012-05-23,1353.73
W120,2012-05-30,1421.03
W120,2012-06-06,1379.32
W120,2012-06-13,1422
W120,2012-06-20,1401.03
W120,2012-06-27,1423.25
W120,2012-07-04,1376.36
W120,2012-07-11,1468.94
W120,2012-07-18,1419.24
W120,2012-07-25,1440.06
W120,2012-08-01,1362.22
W120,2012-08-08,1360.76
W120,2012-08-15,1333.04
W120,2012-08-22,1450.58
W120,2012-08-29,1351.81
W120,2012-09-05,1353.06
W120,2012-09-12,1335.33
W120,2012-09-19,1324.81
W120,2012-09-26,1348.92
W120,2012-10-03,1290.02
W120,2012-10-10,1260.67
W120,2012-10-17,1241
W120,2012-10-24,1251.33
W120,2012-10-31,1245.74
W120,2012-11-07,1250.86
W120,2012-11-14,1255.72
W120,2012-11-21,1235.27
W120,2012-11-28,1293.16
W120,2012-12-05,1234.32
W120,2012-12-12,1206.7
W120,2012-12-19,1225.53
W120,2012-12-26,1187.25
W120,2013-01-02,1199.93
W120,2013-01-09,1166.4
W120,2013-01-16,1133.41
W120,2013-01-23,1119.19
W120,2013-01-30,1123.82
W120,2013-02-06,1144.69
W120,2013-02-13,1138.16
W120,2013-02-20,1141.79
W120,2013-02-27,1149.56
W120,2013-03-06,1092.65
W120,2013-03-13,1109.59
W120,2013-03-20,1102.76
W120,2013-03-27,1150.75
W120,2013-04-03,1142.8
W120,2013-04-10,1182.3
W120,2013-04-17,1170.5
W120,2013-04-24,1152.27
W120,2013-05-01,1188.39
W120,2013-05-08,1095.93
W120,2013-05-15,1105.72
W120,2013-05-22,1118.15
W120,2013-05-29,1042.4
W120,2013-06-05,1016.92
W120,2013-06-12,1040.16
W120,2013-06-19,988.71
W120,2013-06-26,978.91
W120,2013-07-03,959.27
W120,2013-07-10,980.09
W120,2013-07-17,936.56
W120,2013-07-24,905.14
W120,2013-07-31,926.08
W120,2013-08-07,919.64
W120,2013-08-14,894.96
W120,2013-08-21,866.12
W120,2013-08-28,900.29
W120,2013-09-04,903.76
W120,2013-09-11,876.83
W120,2013-09-18,905.8
W120,2013-09-25,829.88
W120,2013-10-02,835.39
W120,2013-10-09,799.98
W120,2013-10-16,793.97
W120,2013-10-23,809.97
W120,2013-10-30,762.16
W120,2013-11-06,800.21
W120,2013-11-13,810.33
W120,2013-11-20,817.07
W120,2013-11-27,856.09
W120,2013-12-04,814.48
W120,2013-12-11,833.08
W120,2013-12-18,838.83
W120,2013-12-25,792.89
W120,2014-01-01,844.16
W120,2014-01-08,821.43
W120,2014-01-15,807.4
W120,2014-01-22,826.31
W120,2014-01-29,828.57
W120,2014-02-05,778.02
W120,2014-02-12,773.16
W120,2014-02-19,809.41
W120,2014-02-26,774.57
W120,2014-03-05,748.72
W120,2014-03-12,752.28
W120,2014-03-19,713.23
W120,2014-03-26,742.38
W120,2014-04-02,690.53
W120,2014-04-09,697.31
W120,2014-04-16,680.1
W120,2014-04-23,684
W120,2014-04-30,735.06
W120,2014-05-07,703.9
W120,2014-05-14,732.22
W120,2014-05-21,739.96
W120,2014-05-28,751.17
W120,2014-06-04,667.55
W120,2014-06-11,692.73
W120,2014-06-18,699.53
W120,2014-06-25,700.13
W120,2014-07-02,670.53
W120,2014-07-09,681.84
W120,2014-07-16,693.01
W120,2014-07-23,715.81
W120,2014-07-30,664.63
W120,2014-08-06,717.35
W120,2014-08-13,749.88
W120,2014-08-20,766.61
W120,2014-08-27,783.52
W120,2014-09-03,806.46
W120,2014-09-10,859.8
W120,2014-09-17,853.15
W120,2014-09-24,890.76
W120,2014-10-01,878.86
W359,2016-01-01,3965
W359,2016-01-08,5237
W359,2016-01-15,4304
W359,2016-01-22,4265
W359,2016-01-29,4488
W359,2016-02-05,4518
W359,2016-02-12,3060
W359,2016-02-19,4031
W359,2016-02-26,4364
W359,2016-03-04,3427
W359,2016-03-11,2765
W359,2016-03-18,3062
W359,2016-03-25,3695
W359,2016-04-01,3395
W359,2016-04-08,3043
W359,2016-04-15,2960
W359,2016-04-22,2610
W359,2016-04-29,2597
W359,2016-05-06,2823
W359,2016-05-13,2802
W359,2016-05-20,2244
W359,2016-05-27,2900
W359,2016-06-03,3037
W359,2016-06-10,3148
W359,2016-06-17,3792
W359,2016-06-24,3728
W359,2016-07-01,3408
W359,2016-07-08,4079
W359,2016-07-15,3200
W359,2016-07-22,3072
W359,2016-07-29,3443
W359,2016-08-05,2825
W359,2016-08-12,2221
W359,2016-08-19,3080
W359,2016-08-26,3692
W359,2016-09-02,3024
W359,2016-09-09,3166
W359,2016-09-16,2774
W359,2016-09-23,2932
W359,2016-09-30,3218
W359,2016-10-07,3155
W359,2016-10-14,3030
W359,2016-10-21,2654
W359,2016-10-28,4195
W359,2016-11-04,3482
W359,2016-11-11,3536
W359,2016-11-18,4566
W359,2016-11-25,3803
W359,2016-12-02,3717
W359,2016-12-09,4191
W359,2016-12-16,5120
W359,2016-12-23,4242
W359,2016-12-30,3688
W359,2017-01-06,3151
W359,2017-01-13,4191
W359,2017-01-20,3736
W359,2017-01-27,3758
W359,2017-02-03,3794
W359,2017-02-10,3324
W359,2017-02-17,2899
W359,2017-02-24,3266
W359,2017-03-03,2797
W359,2017-03-10,2774
W359,2017-03-17,2682
W359,2017-03-24,2297
W359,2017-03-31,2756
W359,2017-04-07,3284
W359,2017-04-14,2703
W359,2017-04-21,2625
W359,2017-04-28,3081
W359,2017-05-05,3255
W359,2017-05-12,3243
W359,2017-05-19,3234
W359,2017-05-26,2910
W359,2017-06-02,3214
W359,2017-06-09,3145
W359,2017-06-16,3478
W359,2017-06-23,3545
W359,2017-06-30,3242
W359,2017-07-07,4410
